INSERT INTO GENRE (ID_GENRE, NOM) VALUES (1, 'Dystopie');
INSERT INTO GENRE (ID_GENRE, NOM) VALUES (2, 'Classique');
INSERT INTO GENRE (ID_GENRE, NOM) VALUES (3, 'Romance');
INSERT INTO GENRE (ID_GENRE, NOM) VALUES (4, 'Science-fiction');
INSERT INTO GENRE (ID_GENRE, NOM) VALUES (5, 'Aventure');
INSERT INTO GENRE (ID_GENRE, NOM) VALUES (6, 'Fantasy');
INSERT INTO GENRE (ID_GENRE, NOM) VALUES (7, 'Historique');
INSERT INTO GENRE (ID_GENRE, NOM) VALUES (8, 'Horreur');
INSERT INTO GENRE (ID_GENRE, NOM) VALUES (9, 'Philosophique');
INSERT INTO GENRE (ID_GENRE, NOM) VALUES (10, 'Psychologique');
INSERT INTO GENRE (ID_GENRE, NOM) VALUES (11, 'Fantastique');

INSERT INTO AUTEUR (ID_AUTEUR, NOM, PRENOM) VALUES (1, 'Orwell', 'George');
INSERT INTO AUTEUR (ID_AUTEUR, NOM, PRENOM) VALUES (2, 'Lee', 'Harper');
INSERT INTO AUTEUR (ID_AUTEUR, NOM, PRENOM) VALUES (3, 'Austen', 'Jane');
INSERT INTO AUTEUR (ID_AUTEUR, NOM, PRENOM) VALUES (4, 'Fitzgerald', 'F. Scott');
INSERT INTO AUTEUR (ID_AUTEUR, NOM, PRENOM) VALUES (5, 'Huxley', 'Aldous');
INSERT INTO AUTEUR (ID_AUTEUR, NOM, PRENOM) VALUES (6, 'Melville', 'Herman');
INSERT INTO AUTEUR (ID_AUTEUR, NOM, PRENOM) VALUES (7, 'Salinger', 'J.D.');
INSERT INTO AUTEUR (ID_AUTEUR, NOM, PRENOM) VALUES (8, 'Tolkien', 'J.R.R.');
INSERT INTO AUTEUR (ID_AUTEUR, NOM, PRENOM) VALUES (9, 'Bradbury', 'Ray');
INSERT INTO AUTEUR (ID_AUTEUR, NOM, PRENOM) VALUES (10, 'Hugo', 'Victor');
INSERT INTO AUTEUR (ID_AUTEUR, NOM, PRENOM) VALUES (11, 'Bronte', 'Charlotte');
INSERT INTO AUTEUR (ID_AUTEUR, NOM, PRENOM) VALUES (12, 'Stoker', 'Bram');
INSERT INTO AUTEUR (ID_AUTEUR, NOM, PRENOM) VALUES (13, 'Wilde', 'Oscar');
INSERT INTO AUTEUR (ID_AUTEUR, NOM, PRENOM) VALUES (14, 'Tolstoy', 'Leo');
INSERT INTO AUTEUR (ID_AUTEUR, NOM, PRENOM) VALUES (15, 'Dostoevsky', 'Fyodor');
INSERT INTO AUTEUR (ID_AUTEUR, NOM, PRENOM) VALUES (16, 'Camus', 'Albert');
INSERT INTO AUTEUR (ID_AUTEUR, NOM, PRENOM) VALUES (17, 'Bronte', 'Emily');
INSERT INTO AUTEUR (ID_AUTEUR, NOM, PRENOM) VALUES (18, 'Kafka', 'Franz');
INSERT INTO AUTEUR (ID_AUTEUR, NOM, PRENOM) VALUES (19, 'Coelho', 'Paulo');

INSERT INTO LIVRE (ISBN, TITRE, GENRE, NB_PAGES, NB_EXEMPLAIRES, ID_AUTEUR) VALUES (1000000000000, '1984', 1, 328, 3, 1);
INSERT INTO LIVRE (ISBN, TITRE, GENRE, NB_PAGES, NB_EXEMPLAIRES, ID_AUTEUR) VALUES (1000000000001, 'To Kill a Mockingbird', 2, 281, 5, 2);
INSERT INTO LIVRE (ISBN, TITRE, GENRE, NB_PAGES, NB_EXEMPLAIRES, ID_AUTEUR) VALUES (1000000000002, 'Pride and Prejudice', 3, 279, 5, 3);
INSERT INTO LIVRE (ISBN, TITRE, GENRE, NB_PAGES, NB_EXEMPLAIRES, ID_AUTEUR) VALUES (1000000000003, 'The Great Gatsby', 2, 180, 1, 4);
INSERT INTO LIVRE (ISBN, TITRE, GENRE, NB_PAGES, NB_EXEMPLAIRES, ID_AUTEUR) VALUES (1000000000004, 'Brave New World', 4, 268, 3, 5);
INSERT INTO LIVRE (ISBN, TITRE, GENRE, NB_PAGES, NB_EXEMPLAIRES, ID_AUTEUR) VALUES (1000000000005, 'Moby-Dick', 5, 635, 5, 6);
INSERT INTO LIVRE (ISBN, TITRE, GENRE, NB_PAGES, NB_EXEMPLAIRES, ID_AUTEUR) VALUES (1000000000006, 'The Catcher in the Rye', 2, 277, 2, 7);
INSERT INTO LIVRE (ISBN, TITRE, GENRE, NB_PAGES, NB_EXEMPLAIRES, ID_AUTEUR) VALUES (1000000000007, 'The Hobbit', 6, 310, 3, 8);
INSERT INTO LIVRE (ISBN, TITRE, GENRE, NB_PAGES, NB_EXEMPLAIRES, ID_AUTEUR) VALUES (1000000000008, 'Fahrenheit 451', 1, 194, 3, 9);
INSERT INTO LIVRE (ISBN, TITRE, GENRE, NB_PAGES, NB_EXEMPLAIRES, ID_AUTEUR) VALUES (1000000000009, 'Les Misérables', 7, 1232, 5, 10);
INSERT INTO LIVRE (ISBN, TITRE, GENRE, NB_PAGES, NB_EXEMPLAIRES, ID_AUTEUR) VALUES (1000000000010, 'Jane Eyre', 3, 500, 2, 11);
INSERT INTO LIVRE (ISBN, TITRE, GENRE, NB_PAGES, NB_EXEMPLAIRES, ID_AUTEUR) VALUES (1000000000011, 'Dracula', 8, 418, 2, 12);
INSERT INTO LIVRE (ISBN, TITRE, GENRE, NB_PAGES, NB_EXEMPLAIRES, ID_AUTEUR) VALUES (1000000000012, 'The Picture of Dorian Gray', 9, 254, 2, 13);
INSERT INTO LIVRE (ISBN, TITRE, GENRE, NB_PAGES, NB_EXEMPLAIRES, ID_AUTEUR) VALUES (1000000000013, 'War and Peace', 7, 1225, 1, 14);
INSERT INTO LIVRE (ISBN, TITRE, GENRE, NB_PAGES, NB_EXEMPLAIRES, ID_AUTEUR) VALUES (1000000000014, 'Crime and Punishment', 10, 671, 5, 15);
INSERT INTO LIVRE (ISBN, TITRE, GENRE, NB_PAGES, NB_EXEMPLAIRES, ID_AUTEUR) VALUES (1000000000015, 'The Brothers Karamazov', 9, 796, 4, 15);
INSERT INTO LIVRE (ISBN, TITRE, GENRE, NB_PAGES, NB_EXEMPLAIRES, ID_AUTEUR) VALUES (1000000000016, 'The Stranger', 9, 123, 4, 16);
INSERT INTO LIVRE (ISBN, TITRE, GENRE, NB_PAGES, NB_EXEMPLAIRES, ID_AUTEUR) VALUES (1000000000017, 'Wuthering Heights', 3, 416, 3, 17);
INSERT INTO LIVRE (ISBN, TITRE, GENRE, NB_PAGES, NB_EXEMPLAIRES, ID_AUTEUR) VALUES (1000000000018, 'The Metamorphosis', 11, 201, 4, 18);
INSERT INTO LIVRE (ISBN, TITRE, GENRE, NB_PAGES, NB_EXEMPLAIRES, ID_AUTEUR) VALUES (1000000000019, 'The Alchemist', 9, 208, 2, 19);
INSERT INTO LIVRE (ISBN, TITRE, GENRE, NB_PAGES, NB_EXEMPLAIRES, ID_AUTEUR) VALUES (1000000000020, 'The Great Gatsby (Éd. spéciale 2)', 2, 180, 5, 4);
INSERT INTO LIVRE (ISBN, TITRE, GENRE, NB_PAGES, NB_EXEMPLAIRES, ID_AUTEUR) VALUES (1000000000021, 'War and Peace (Éd. spéciale 2)', 7, 1225, 3, 14);
INSERT INTO LIVRE (ISBN, TITRE, GENRE, NB_PAGES, NB_EXEMPLAIRES, ID_AUTEUR) VALUES (1000000000022, 'The Picture of Dorian Gray (Éd. spéciale 3)', 9, 254, 4, 13);
INSERT INTO LIVRE (ISBN, TITRE, GENRE, NB_PAGES, NB_EXEMPLAIRES, ID_AUTEUR) VALUES (1000000000023, 'Brave New World (Éd. spéciale 1)', 4, 268, 1, 5);
INSERT INTO LIVRE (ISBN, TITRE, GENRE, NB_PAGES, NB_EXEMPLAIRES, ID_AUTEUR) VALUES (1000000000024, 'The Stranger (Éd. spéciale 3)', 9, 123, 5, 16);
INSERT INTO LIVRE (ISBN, TITRE, GENRE, NB_PAGES, NB_EXEMPLAIRES, ID_AUTEUR) VALUES (1000000000025, 'The Catcher in the Rye (Éd. spéciale 5)', 2, 277, 2, 7);
INSERT INTO LIVRE (ISBN, TITRE, GENRE, NB_PAGES, NB_EXEMPLAIRES, ID_AUTEUR) VALUES (1000000000026, 'The Picture of Dorian Gray (Éd. spéciale 4)', 9, 254, 1, 13);
INSERT INTO LIVRE (ISBN, TITRE, GENRE, NB_PAGES, NB_EXEMPLAIRES, ID_AUTEUR) VALUES (1000000000027, 'Wuthering Heights (Éd. spéciale 4)', 3, 416, 1, 17);
INSERT INTO LIVRE (ISBN, TITRE, GENRE, NB_PAGES, NB_EXEMPLAIRES, ID_AUTEUR) VALUES (1000000000028, 'Fahrenheit 451 (Éd. spéciale 4)', 1, 194, 1, 9);
INSERT INTO LIVRE (ISBN, TITRE, GENRE, NB_PAGES, NB_EXEMPLAIRES, ID_AUTEUR) VALUES (1000000000029, 'The Catcher in the Rye (Éd. spéciale 5) (Éd. spéciale 2)', 2, 277, 5, 7);
INSERT INTO LIVRE (ISBN, TITRE, GENRE, NB_PAGES, NB_EXEMPLAIRES, ID_AUTEUR) VALUES (1000000000030, 'The Picture of Dorian Gray (Éd. spéciale 3) (Éd. spéciale 2)', 9, 254, 2, 13);
INSERT INTO LIVRE (ISBN, TITRE, GENRE, NB_PAGES, NB_EXEMPLAIRES, ID_AUTEUR) VALUES (1000000000031, 'War and Peace (Éd. spéciale 1)', 7, 1225, 3, 14);
INSERT INTO LIVRE (ISBN, TITRE, GENRE, NB_PAGES, NB_EXEMPLAIRES, ID_AUTEUR) VALUES (1000000000032, 'The Catcher in the Rye (Éd. spéciale 5) (Éd. spéciale 2) (Éd. spéciale 2)', 2, 277, 2, 7);
INSERT INTO LIVRE (ISBN, TITRE, GENRE, NB_PAGES, NB_EXEMPLAIRES, ID_AUTEUR) VALUES (1000000000033, 'War and Peace (Éd. spéciale 1) (Éd. spéciale 1)', 7, 1225, 5, 14);
INSERT INTO LIVRE (ISBN, TITRE, GENRE, NB_PAGES, NB_EXEMPLAIRES, ID_AUTEUR) VALUES (1000000000034, 'Dracula (Éd. spéciale 3)', 8, 418, 1, 12);
INSERT INTO LIVRE (ISBN, TITRE, GENRE, NB_PAGES, NB_EXEMPLAIRES, ID_AUTEUR) VALUES (1000000000035, 'Pride and Prejudice (Éd. spéciale 2)', 3, 279, 2, 3);
INSERT INTO LIVRE (ISBN, TITRE, GENRE, NB_PAGES, NB_EXEMPLAIRES, ID_AUTEUR) VALUES (1000000000036, 'The Catcher in the Rye (Éd. spéciale 5) (Éd. spéciale 3)', 2, 277, 4, 7);
INSERT INTO LIVRE (ISBN, TITRE, GENRE, NB_PAGES, NB_EXEMPLAIRES, ID_AUTEUR) VALUES (1000000000037, 'The Catcher in the Rye (Éd. spéciale 5) (Éd. spéciale 2) (Éd. spéciale 2) (Éd. spéciale 5)', 2, 277, 4, 7);
INSERT INTO LIVRE (ISBN, TITRE, GENRE, NB_PAGES, NB_EXEMPLAIRES, ID_AUTEUR) VALUES (1000000000038, 'Crime and Punishment (Éd. spéciale 3)', 10, 671, 3, 15);
INSERT INTO LIVRE (ISBN, TITRE, GENRE, NB_PAGES, NB_EXEMPLAIRES, ID_AUTEUR) VALUES (1000000000039, 'The Picture of Dorian Gray (Éd. spéciale 3) (Éd. spéciale 5)', 9, 254, 2, 13);
INSERT INTO LIVRE (ISBN, TITRE, GENRE, NB_PAGES, NB_EXEMPLAIRES, ID_AUTEUR) VALUES (1000000000040, 'Brave New World (Éd. spéciale 5)', 4, 268, 5, 5);
INSERT INTO LIVRE (ISBN, TITRE, GENRE, NB_PAGES, NB_EXEMPLAIRES, ID_AUTEUR) VALUES (1000000000041, 'Wuthering Heights (Éd. spéciale 4) (Éd. spéciale 4)', 3, 416, 2, 17);
INSERT INTO LIVRE (ISBN, TITRE, GENRE, NB_PAGES, NB_EXEMPLAIRES, ID_AUTEUR) VALUES (1000000000042, 'Wuthering Heights (Éd. spéciale 2)', 3, 416, 1, 17);
INSERT INTO LIVRE (ISBN, TITRE, GENRE, NB_PAGES, NB_EXEMPLAIRES, ID_AUTEUR) VALUES (1000000000043, 'The Catcher in the Rye (Éd. spéciale 1)', 2, 277, 1, 7);
INSERT INTO LIVRE (ISBN, TITRE, GENRE, NB_PAGES, NB_EXEMPLAIRES, ID_AUTEUR) VALUES (1000000000044, 'Fahrenheit 451 (Éd. spéciale 4) (Éd. spéciale 3)', 1, 194, 4, 9);
INSERT INTO LIVRE (ISBN, TITRE, GENRE, NB_PAGES, NB_EXEMPLAIRES, ID_AUTEUR) VALUES (1000000000045, 'The Metamorphosis (Éd. spéciale 3)', 11, 201, 3, 18);
INSERT INTO LIVRE (ISBN, TITRE, GENRE, NB_PAGES, NB_EXEMPLAIRES, ID_AUTEUR) VALUES (1000000000046, 'The Picture of Dorian Gray (Éd. spéciale 3) (Éd. spéciale 2) (Éd. spéciale 4)', 9, 254, 1, 13);
INSERT INTO LIVRE (ISBN, TITRE, GENRE, NB_PAGES, NB_EXEMPLAIRES, ID_AUTEUR) VALUES (1000000000047, 'Dracula (Éd. spéciale 3) (Éd. spéciale 5)', 8, 418, 2, 12);
INSERT INTO LIVRE (ISBN, TITRE, GENRE, NB_PAGES, NB_EXEMPLAIRES, ID_AUTEUR) VALUES (1000000000048, 'Wuthering Heights (Éd. spéciale 4) (Éd. spéciale 3)', 3, 416, 1, 17);
INSERT INTO LIVRE (ISBN, TITRE, GENRE, NB_PAGES, NB_EXEMPLAIRES, ID_AUTEUR) VALUES (1000000000049, 'Crime and Punishment (Éd. spéciale 3) (Éd. spéciale 4)', 10, 671, 2, 15);

INSERT INTO USAGER (ID_USAGER, NOM, PRENOM, ANNEE_NAISSANCE, TARIF_REDUIT) VALUES (1, 'Dupont', 'Emma', 1979, 1);
INSERT INTO USAGER (ID_USAGER, NOM, PRENOM, ANNEE_NAISSANCE, TARIF_REDUIT) VALUES (2, 'Durand', 'Gabriel', 1991, 1);
INSERT INTO USAGER (ID_USAGER, NOM, PRENOM, ANNEE_NAISSANCE, TARIF_REDUIT) VALUES (3, 'Moreau', 'Gabriel', 1973, 0);
INSERT INTO USAGER (ID_USAGER, NOM, PRENOM, ANNEE_NAISSANCE, TARIF_REDUIT) VALUES (4, 'Blanc', 'David', 1974, 1);
INSERT INTO USAGER (ID_USAGER, NOM, PRENOM, ANNEE_NAISSANCE, TARIF_REDUIT) VALUES (5, 'Faure', 'François', 1979, 1);
INSERT INTO USAGER (ID_USAGER, NOM, PRENOM, ANNEE_NAISSANCE, TARIF_REDUIT) VALUES (6, 'Roux', 'Chloe', 1988, 0);
INSERT INTO USAGER (ID_USAGER, NOM, PRENOM, ANNEE_NAISSANCE, TARIF_REDUIT) VALUES (7, 'Roux', 'Hélène', 1997, 0);
INSERT INTO USAGER (ID_USAGER, NOM, PRENOM, ANNEE_NAISSANCE, TARIF_REDUIT) VALUES (8, 'Faure', 'David', 1986, 0);
INSERT INTO USAGER (ID_USAGER, NOM, PRENOM, ANNEE_NAISSANCE, TARIF_REDUIT) VALUES (9, 'Roux', 'François', 1978, 0);
INSERT INTO USAGER (ID_USAGER, NOM, PRENOM, ANNEE_NAISSANCE, TARIF_REDUIT) VALUES (10, 'Dupont', 'Bob', 1970, 1);


INSERT INTO PRET (ID_PRET, DATE_EMPRUNT, DUREE, DATE_RETOUR_EFFECTIVE, ISBN, ID_USAGER) VALUES (1, TO_DATE('2025-04-01','YYYY-MM-DD'), 14, TO_DATE('2025-04-15','YYYY-MM-DD'), 1000000000001, 3);
INSERT INTO PRET (ID_PRET, DATE_EMPRUNT, DUREE, DATE_RETOUR_EFFECTIVE, ISBN, ID_USAGER) VALUES (2, TO_DATE('2025-04-03','YYYY-MM-DD'), 21, TO_DATE('2025-04-20','YYYY-MM-DD'), 1000000000005, 6);
INSERT INTO PRET (ID_PRET, DATE_EMPRUNT, DUREE, DATE_RETOUR_EFFECTIVE, ISBN, ID_USAGER) VALUES (3, TO_DATE('2025-04-05','YYYY-MM-DD'), 7, TO_DATE('2025-04-12','YYYY-MM-DD'), 1000000000010, 1);
INSERT INTO PRET (ID_PRET, DATE_EMPRUNT, DUREE, DATE_RETOUR_EFFECTIVE, ISBN, ID_USAGER) VALUES (4, TO_DATE('2025-04-07','YYYY-MM-DD'), 10, NULL, 1000000000015, 8);
INSERT INTO PRET (ID_PRET, DATE_EMPRUNT, DUREE, DATE_RETOUR_EFFECTIVE, ISBN, ID_USAGER) VALUES (5, TO_DATE('2025-04-10','YYYY-MM-DD'), 14, TO_DATE('2025-04-25','YYYY-MM-DD'), 1000000000020, 2);
INSERT INTO PRET (ID_PRET, DATE_EMPRUNT, DUREE, DATE_RETOUR_EFFECTIVE, ISBN, ID_USAGER) VALUES (6, TO_DATE('2025-04-12','YYYY-MM-DD'), 21, NULL, 1000000000025, 5);
INSERT INTO PRET (ID_PRET, DATE_EMPRUNT, DUREE, DATE_RETOUR_EFFECTIVE, ISBN, ID_USAGER) VALUES (7, TO_DATE('2025-04-14','YYYY-MM-DD'), 7, TO_DATE('2025-04-21','YYYY-MM-DD'), 1000000000030, 9);
INSERT INTO PRET (ID_PRET, DATE_EMPRUNT, DUREE, DATE_RETOUR_EFFECTIVE, ISBN, ID_USAGER) VALUES (8, TO_DATE('2025-04-16','YYYY-MM-DD'), 14, NULL, 1000000000035, 4);
INSERT INTO PRET (ID_PRET, DATE_EMPRUNT, DUREE, DATE_RETOUR_EFFECTIVE, ISBN, ID_USAGER) VALUES (9, TO_DATE('2025-04-18','YYYY-MM-DD'), 10, TO_DATE('2025-04-28','YYYY-MM-DD'), 1000000000040, 10);
INSERT INTO PRET (ID_PRET, DATE_EMPRUNT, DUREE, DATE_RETOUR_EFFECTIVE, ISBN, ID_USAGER) VALUES (10, TO_DATE('2025-04-20','YYYY-MM-DD'), 21, NULL, 1000000000045, 7);
INSERT INTO PRET (ID_PRET, DATE_EMPRUNT, DUREE, DATE_RETOUR_EFFECTIVE, ISBN, ID_USAGER) VALUES (11, TO_DATE('2025-04-22','YYYY-MM-DD'), 14, NULL, 1000000000048, 1);
INSERT INTO PRET (ID_PRET, DATE_EMPRUNT, DUREE, DATE_RETOUR_EFFECTIVE, ISBN, ID_USAGER) VALUES (12, TO_DATE('2025-04-24','YYYY-MM-DD'), 10, TO_DATE('2025-05-04','YYYY-MM-DD'), 1000000000049, 3);
INSERT INTO PRET (ID_PRET, DATE_EMPRUNT, DUREE, DATE_RETOUR_EFFECTIVE, ISBN, ID_USAGER) VALUES (13, TO_DATE('2025-04-26','YYYY-MM-DD'), 7, TO_DATE('2025-05-02','YYYY-MM-DD'), 1000000000002, 5);
INSERT INTO PRET (ID_PRET, DATE_EMPRUNT, DUREE, DATE_RETOUR_EFFECTIVE, ISBN, ID_USAGER) VALUES (14, TO_DATE('2025-04-28','YYYY-MM-DD'), 21, NULL, 1000000000006, 6);
INSERT INTO PRET (ID_PRET, DATE_EMPRUNT, DUREE, DATE_RETOUR_EFFECTIVE, ISBN, ID_USAGER) VALUES (15, TO_DATE('2025-04-30','YYYY-MM-DD'), 14, TO_DATE('2025-05-10','YYYY-MM-DD'), 1000000000011, 2);
INSERT INTO PRET (ID_PRET, DATE_EMPRUNT, DUREE, DATE_RETOUR_EFFECTIVE, ISBN, ID_USAGER) VALUES (16, TO_DATE('2025-05-01','YYYY-MM-DD'), 10, NULL, 1000000000016, 8);
INSERT INTO PRET (ID_PRET, DATE_EMPRUNT, DUREE, DATE_RETOUR_EFFECTIVE, ISBN, ID_USAGER) VALUES (17, TO_DATE('2025-05-03','YYYY-MM-DD'), 14, NULL, 1000000000021, 4);
INSERT INTO PRET (ID_PRET, DATE_EMPRUNT, DUREE, DATE_RETOUR_EFFECTIVE, ISBN, ID_USAGER) VALUES (18, TO_DATE('2025-05-05','YYYY-MM-DD'), 7, NULL, 1000000000026, 7);
INSERT INTO PRET (ID_PRET, DATE_EMPRUNT, DUREE, DATE_RETOUR_EFFECTIVE, ISBN, ID_USAGER) VALUES (19, TO_DATE('2025-05-07','YYYY-MM-DD'), 21, NULL, 1000000000031, 10);
INSERT INTO PRET (ID_PRET, DATE_EMPRUNT, DUREE, DATE_RETOUR_EFFECTIVE, ISBN, ID_USAGER) VALUES (20, TO_DATE('2025-05-09','YYYY-MM-DD'), 10, NULL, 1000000000036, 9);
INSERT INTO PRET (ID_PRET, DATE_EMPRUNT, DUREE, DATE_RETOUR_EFFECTIVE, ISBN, ID_USAGER) VALUES (21, TO_DATE('2025-04-01','YYYY-MM-DD'), 14, TO_DATE('2025-04-20','YYYY-MM-DD'), 1000000000003, 1);
INSERT INTO PRET (ID_PRET, DATE_EMPRUNT, DUREE, DATE_RETOUR_EFFECTIVE, ISBN, ID_USAGER) VALUES (22, TO_DATE('2025-04-04','YYYY-MM-DD'), 10, TO_DATE('2025-04-10','YYYY-MM-DD'), 1000000000007, 2);
INSERT INTO PRET (ID_PRET, DATE_EMPRUNT, DUREE, DATE_RETOUR_EFFECTIVE, ISBN, ID_USAGER) VALUES (23, TO_DATE('2025-04-06','YYYY-MM-DD'), 14, NULL, 1000000000012, 3); 
INSERT INTO PRET (ID_PRET, DATE_EMPRUNT, DUREE, DATE_RETOUR_EFFECTIVE, ISBN, ID_USAGER) VALUES (24, TO_DATE('2025-04-08','YYYY-MM-DD'), 7, TO_DATE('2025-04-18','YYYY-MM-DD'), 1000000000017, 4); 
INSERT INTO PRET (ID_PRET, DATE_EMPRUNT, DUREE, DATE_RETOUR_EFFECTIVE, ISBN, ID_USAGER) VALUES (25, TO_DATE('2025-04-11','YYYY-MM-DD'), 21, TO_DATE('2025-05-01','YYYY-MM-DD'), 1000000000022, 5);
INSERT INTO PRET (ID_PRET, DATE_EMPRUNT, DUREE, DATE_RETOUR_EFFECTIVE, ISBN, ID_USAGER) VALUES (26, TO_DATE('2025-04-13','YYYY-MM-DD'), 14, TO_DATE('2025-04-29','YYYY-MM-DD'), 1000000000027, 6);
INSERT INTO PRET (ID_PRET, DATE_EMPRUNT, DUREE, DATE_RETOUR_EFFECTIVE, ISBN, ID_USAGER) VALUES (27, TO_DATE('2025-04-15','YYYY-MM-DD'), 10, TO_DATE('2025-04-24','YYYY-MM-DD'), 1000000000032, 7);
INSERT INTO PRET (ID_PRET, DATE_EMPRUNT, DUREE, DATE_RETOUR_EFFECTIVE, ISBN, ID_USAGER) VALUES (28, TO_DATE('2025-04-17','YYYY-MM-DD'), 14, TO_DATE('2025-04-30','YYYY-MM-DD'), 1000000000037, 8);
INSERT INTO PRET (ID_PRET, DATE_EMPRUNT, DUREE, DATE_RETOUR_EFFECTIVE, ISBN, ID_USAGER) VALUES (29, TO_DATE('2025-04-19','YYYY-MM-DD'), 7, TO_DATE('2025-04-26','YYYY-MM-DD'), 1000000000042, 9);
INSERT INTO PRET (ID_PRET, DATE_EMPRUNT, DUREE, DATE_RETOUR_EFFECTIVE, ISBN, ID_USAGER) VALUES (30, TO_DATE('2025-04-21','YYYY-MM-DD'), 21, NULL, 1000000000047, 10); 
INSERT INTO PRET (ID_PRET, DATE_EMPRUNT, DUREE, DATE_RETOUR_EFFECTIVE, ISBN, ID_USAGER) VALUES (31, TO_DATE('2025-04-23','YYYY-MM-DD'), 14, TO_DATE('2025-05-08','YYYY-MM-DD'), 1000000000000, 1);
INSERT INTO PRET (ID_PRET, DATE_EMPRUNT, DUREE, DATE_RETOUR_EFFECTIVE, ISBN, ID_USAGER) VALUES (32, TO_DATE('2025-04-25','YYYY-MM-DD'), 10, TO_DATE('2025-05-05','YYYY-MM-DD'), 1000000000004, 2);
INSERT INTO PRET (ID_PRET, DATE_EMPRUNT, DUREE, DATE_RETOUR_EFFECTIVE, ISBN, ID_USAGER) VALUES (33, TO_DATE('2025-04-27','YYYY-MM-DD'), 7, TO_DATE('2025-05-02','YYYY-MM-DD'), 1000000000008, 3);
INSERT INTO PRET (ID_PRET, DATE_EMPRUNT, DUREE, DATE_RETOUR_EFFECTIVE, ISBN, ID_USAGER) VALUES (34, TO_DATE('2025-04-29','YYYY-MM-DD'), 14, NULL, 1000000000013, 4); 
INSERT INTO PRET (ID_PRET, DATE_EMPRUNT, DUREE, DATE_RETOUR_EFFECTIVE, ISBN, ID_USAGER) VALUES (35, TO_DATE('2025-05-01','YYYY-MM-DD'), 21, TO_DATE('2025-05-25','YYYY-MM-DD'), 1000000000018, 5);
INSERT INTO PRET (ID_PRET, DATE_EMPRUNT, DUREE, DATE_RETOUR_EFFECTIVE, ISBN, ID_USAGER) VALUES (36, TO_DATE('2025-05-03','YYYY-MM-DD'), 10, TO_DATE('2025-05-13','YYYY-MM-DD'), 1000000000023, 6);
INSERT INTO PRET (ID_PRET, DATE_EMPRUNT, DUREE, DATE_RETOUR_EFFECTIVE, ISBN, ID_USAGER) VALUES (37, TO_DATE('2025-05-05','YYYY-MM-DD'), 14, NULL, 1000000000028, 7); 
INSERT INTO PRET (ID_PRET, DATE_EMPRUNT, DUREE, DATE_RETOUR_EFFECTIVE, ISBN, ID_USAGER) VALUES (38, TO_DATE('2025-05-07','YYYY-MM-DD'), 7, TO_DATE('2025-05-20','YYYY-MM-DD'), 1000000000033, 8);
INSERT INTO PRET (ID_PRET, DATE_EMPRUNT, DUREE, DATE_RETOUR_EFFECTIVE, ISBN, ID_USAGER) VALUES (39, TO_DATE('2025-05-09','YYYY-MM-DD'), 10, NULL, 1000000000038, 9); 
INSERT INTO PRET (ID_PRET, DATE_EMPRUNT, DUREE, DATE_RETOUR_EFFECTIVE, ISBN, ID_USAGER) VALUES (40, TO_DATE('2025-05-11','YYYY-MM-DD'), 21, NULL, 1000000000043, 10); 